{
  "tarefas": [
    {
      "id": 1,
      "titulo": "Comprar mantimentos",
      "descricao": "Leite, pão, frutas, etc.",
      "data_vencimento": "2023-11-06",
      "prioridade": "Média",
      "categoria": "Pessoal",
      "concluida": false
    },
    {
      "id": 2,
      "titulo": "Estudar para o exame",
      "descricao": "Revisar capítulos 5 e 6",
      "data_vencimento": "2023-11-15",
      "prioridade": "Alta",
      "categoria": "Estudo",
      "concluida": false
    },
    {
      "id": 3,
      "titulo": "Preparar relatório mensal",
      "descricao": "Analisar dados de vendas",
      "data_vencimento": "2023-11-25",
      "prioridade": "Média",
      "categoria": "Trabalho",
      "concluida": false
    },
    {
      "id": 4,
      "titulo": "Fazer exercícios físicos",
      "descricao": "Correr por 30 minutos",
      "data_vencimento": "2023-11-08",
      "prioridade": "Baixa",
      "categoria": "Pessoal",
      "concluida": false
    },
    {
      "id": 5,
      "titulo": "Ler livro recomendado",
      "descricao": "Capítulo 7 a 10",
      "data_vencimento": "2023-11-20",
      "prioridade": "Média",
      "categoria": "Estudo",
      "concluida": false
    },
    {
      "id": 6,
      "titulo": "Enviar relatório de despesas",
      "descricao": "Prazo de final de mês",
      "data_vencimento": "2023-11-30",
      "prioridade": "Alta",
      "categoria": "Trabalho",
      "concluida": false
    },
    {
      "id": 7,
      "titulo": "Comprar presente de aniversário",
      "descricao": "Para o amigo",
      "data_vencimento": "2023-11-12",
      "prioridade": "Média",
      "categoria": "Pessoal",
      "concluida": false
    },
    {
      "id": 8,
      "titulo": "Pesquisar sobre inteligência artificial",
      "descricao": "Para projeto pessoal",
      "data_vencimento": "2023-11-18",
      "prioridade": "Média",
      "categoria": "Estudo",
      "concluida": false
    },
    {
      "id": 9,
      "titulo": "Agendar revisão do carro",
      "descricao": "Verificar óleo e pneus",
      "data_vencimento": "2023-11-28",
      "prioridade": "Baixa",
      "categoria": "Pessoal",
      "concluida": false
    },
    {
      "id": 10,
      "titulo": "Reunião de equipe",
      "descricao": "Discutir o progresso do projeto",
      "data_vencimento": "2023-11-10",
      "prioridade": "Alta",
      "categoria": "Trabalho",
      "concluida": false
    },
    {
      "id": 11,
      "titulo": "Comprar mantimentos",
      "descricao": "Leite, pão, frutas, etc.",
      "data_vencimento": "2023-11-06",
      "prioridade": "Média",
      "categoria": "Pessoal",
      "concluida": false
    },
    {
      "id": 12,
      "titulo": "Estudar para o exame",
      "descricao": "Revisar capítulos 5 e 6",
      "data_vencimento": "2023-11-15",
      "prioridade": "Alta",
      "categoria": "Estudo",
      "concluida": false
    },
    {
      "id": 13,
      "titulo": "Preparar relatório mensal",
      "descricao": "Analisar dados de vendas",
      "data_vencimento": "2023-11-25",
      "prioridade": "Média",
      "categoria": "Trabalho",
      "concluida": false
    },
    {
      "id": 14,
      "titulo": "Fazer exercícios físicos",
      "descricao": "Correr por 30 minutos",
      "data_vencimento": "2023-11-08",
      "prioridade": "Baixa",
      "categoria": "Pessoal",
      "concluida": false
    },
    {
      "id": 15,
      "titulo": "Ler livro recomendado",
      "descricao": "Capítulo 7 a 10",
      "data_vencimento": "2023-11-20",
      "prioridade": "Média",
      "categoria": "Estudo",
      "concluida": false
    },
    {
      "id": 16,
      "titulo": "Enviar relatório de despesas",
      "descricao": "Prazo de final de mês",
      "data_vencimento": "2023-11-30",
      "prioridade": "Alta",
      "categoria": "Trabalho",
      "concluida": false
    },
    {
      "id": 17,
      "titulo": "Comprar presente de aniversário",
      "descricao": "Para o amigo",
      "data_vencimento": "2023-11-12",
      "prioridade": "Média",
      "categoria": "Pessoal",
      "concluida": false
    },
    {
      "id": 18,
      "titulo": "Pesquisar sobre inteligência artificial",
      "descricao": "Para projeto pessoal",
      "data_vencimento": "2023-11-18",
      "prioridade": "Média",
      "categoria": "Estudo",
      "concluida": false
    },
    {
      "id": 19,
      "titulo": "Agendar revisão do carro",
      "descricao": "Verificar óleo e pneus",
      "data_vencimento": "2023-11-28",
      "prioridade": "Baixa",
      "categoria": "Pessoal",
      "concluida": false
    },
    {
      "id": 20,
      "titulo": "Reunião de equipe",
      "descricao": "Discutir o progresso do projeto",
      "data_vencimento": "2023-11-10",
      "prioridade": "Alta",
      "categoria": "Trabalho",
      "concluida": false
    },
    {
      "id": 21,
      "titulo": "Comprar mantimentos",
      "descricao": "Leite, pão, frutas, etc.",
      "data_vencimento": "2023-11-06",
      "prioridade": "Média",
      "categoria": "Pessoal",
      "concluida": false
    },
    {
      "id": 22,
      "titulo": "Estudar para o exame",
      "descricao": "Revisar capítulos 5 e 6",
      "data_vencimento": "2023-11-15",
      "prioridade": "Alta",
      "categoria": "Estudo",
      "concluida": false
    },
    {
      "id": 23,
      "titulo": "Preparar relatório mensal",
      "descricao": "Analisar dados de vendas",
      "data_vencimento": "2023-11-25",
      "prioridade": "Média",
      "categoria": "Trabalho",
      "concluida": false
    },
    {
      "id": 24,
      "titulo": "Fazer exercícios físicos",
      "descricao": "Correr por 30 minutos",
      "data_vencimento": "2023-11-08",
      "prioridade": "Baixa",
      "categoria": "Pessoal",
      "concluida": false
    },
    {
      "id": 25,
      "titulo": "Ler livro recomendado",
      "descricao": "Capítulo 7 a 10",
      "data_vencimento": "2023-11-20",
      "prioridade": "Média",
      "categoria": "Estudo",
      "concluida": false
    },
    {
      "id": 26,
      "titulo": "Enviar relatório de despesas",
      "descricao": "Prazo de final de mês",
      "data_vencimento": "2023-11-30",
      "prioridade": "Alta",
      "categoria": "Trabalho",
      "concluida": false
    },
    {
      "id": 27,
      "titulo": "Comprar presente de aniversário",
      "descricao": "Para o amigo",
      "data_vencimento": "2023-11-12",
      "prioridade": "Média",
      "categoria": "Pessoal",
      "concluida": false
    },
    {
      "id": 28,
      "titulo": "Pesquisar sobre inteligência artificial",
      "descricao": "Para projeto pessoal",
      "data_vencimento": "2023-11-18",
      "prioridade": "Média",
      "categoria": "Estudo",
      "concluida": false
    },
    {
      "id": 29,
      "titulo": "Agendar revisão do carro",
      "descricao": "Verificar óleo e pneus",
      "data_vencimento": "2023-11-28",
      "prioridade": "Baixa",
      "categoria": "Pessoal",
      "concluida": false
    },
    {
      "id": 30,
      "titulo": "Reunião de equipe",
      "descricao": "Discutir o progresso do projeto",
      "data_vencimento": "2023-11-10",
      "prioridade": "Alta",
      "categoria": "Trabalho",
      "concluida": false
    },
    {
      "id": 31,
      "titulo": "Comprar mantimentos",
      "descricao": "Leite, pão, frutas, etc.",
      "data_vencimento": "2023-11-06",
      "prioridade": "Média",
      "categoria": "Pessoal",
      "concluida": false
    },
    {
      "id": 32,
      "titulo": "Estudar para o exame",
      "descricao": "Revisar capítulos 5 e 6",
      "data_vencimento": "2023-11-15",
      "prioridade": "Alta",
      "categoria": "Estudo",
      "concluida": false
    },
    {
      "id": 33,
      "titulo": "Preparar relatório mensal",
      "descricao": "Analisar dados de vendas",
      "data_vencimento": "2023-11-25",
      "prioridade": "Média",
      "categoria": "Trabalho",
      "concluida": false
    },
    {
      "id": 34,
      "titulo": "Fazer exercícios físicos",
      "descricao": "Correr por 30 minutos",
      "data_vencimento": "2023-11-08",
      "prioridade": "Baixa",
      "categoria": "Pessoal",
      "concluida": false
    },
    {
      "id": 35,
      "titulo": "Ler livro recomendado",
      "descricao": "Capítulo 7 a 10",
      "data_vencimento": "2023-11-20",
      "prioridade": "Média",
      "categoria": "Estudo",
      "concluida": false
    },
    {
      "id": 36,
      "titulo": "Enviar relatório de despesas",
      "descricao": "Prazo de final de mês",
      "data_vencimento": "2023-11-30",
      "prioridade": "Alta",
      "categoria": "Trabalho",
      "concluida": false
    },
    {
      "id": 37,
      "titulo": "Comprar presente de aniversário",
      "descricao": "Para o amigo",
      "data_vencimento": "2023-11-12",
      "prioridade": "Média",
      "categoria": "Pessoal",
      "concluida": false
    },
    {
      "id": 38,
      "titulo": "Pesquisar sobre inteligência artificial",
      "descricao": "Para projeto pessoal",
      "data_vencimento": "2023-11-18",
      "prioridade": "Média",
      "categoria": "Estudo",
      "concluida": false
    },
    {
      "id": 39,
      "titulo": "Reunião",
      "descricao": "Trabalho de grupo",
      "data_vencimento": "2024-01-08",
      "prioridade": "Média",
      "categoria": "Estudo",
      "concluida": false
    },
    {
      "id": 40,
      "titulo": "Ola",
      "descricao": "ololao",
      "data_vencimento": "2024-01-08",
      "prioridade": "Média",
      "categoria": "pessoal",
      "concluida": true
    }
  ]
}